Authors,Title,Year,Venue,Topic model,Supported task,Details of the supported task,Type of data,Document,Length of document,"Where ""length"" is mentioned",Parameter k,Parameter alpha,Parameter beta,Other parameters,Resolving negations,Correcting typos,Expanding contractions,Resolving synonyms,Splitting sentences or a document into n documents,Lemmatizing,Identifying n-grams,Lowercasing,Tokenizing,Splitting words,Stemming,Removing empty documents,Removing long paragraphs,Removing short documents,Removing extra white space,Removing non-informative content,"Removing words shorter than four, three or two letters",Removing least frequent terms,Removing most frequent terms,Removing code snippets,Removing HTML tags,Removing programming language keywords,Removing symbols and special characters,Removing punctuation,Removing stop words,Remove URL,Remove numbers,Topic naming approach,Topic naming procedure,Type of contribution,Other techniques combined
Asuncion; H U. Asuncion; A U. Taylor; R N,Software Traceability with Topic Modeling,2010,ICSE,LDA,Documentation,Documentation [artifacts labelling],Source code; Developer communication; Issue/bug report and End user documentation,Text with a software artifact (tutorials in PDF; presentations in PowerPoint; project specifications in Word; archived emails in an online mailing list; Wiki pages and bug reports in Trac; ArchStudio web pages; research publications in PDF; and developer notes in various file formats),,,{10; 20; 30},,,,,,,,1,,,,,,1,,,,,,,,,,,,,,1,,,,,Approach,
Jiang; H. Zhang; J. Ren; Z. Zhang; T,An Unsupervised Approach for Discovering Relevant Tutorial Fragments for APIs,2017,ICSE,LDA,Documentation,Documentation [extraction/augmenting],End user documentation,Text with a tutorial fragment,100 to 300 words,Mention on study design - dataset description,,0.1,0.1,,,,,,,,,,,,,,,,,,,,,,,,,,,,,,,Approach,
Panichella; A. Dit; B. Oliveto; R. Di Penta; M. Poshynanyk; D. De Lucia; A,How to Effectively Use Topic Models for Software Engineering Tasks? An Approach Based on Genetic Algorithms,2013,ICSE,LDA-GA,Documentation,Documentation [traceability to source code],Source code and Developer documentation,Text with a (a) use case; (b) classe; (c) method; (d) feature description,,,{10; 20; 30; 40; 50},{0-1 by 0.1},{0-1 by 0.1},i = 500,,,,,,,,,,,,,,,,,,,,,,,,,,,,Automated,Most frequent words in word clusters,Approach,
Galvis Carreno; L V.  Winbladh; K,Analysis of User Comments: An Approach for Software Requirements Evolution,2013,ICSE,ASUM,Requirements,Requirements evolution,End user communication,Text with a user review,,,(1) {33; 66; 150}; (2) {24; 48; 150},,,,,,,,,,,,,,,,,,,,,,,,,,,,,,,Manual,Most frequent words in word clusters,Approach,
Chen; N. Lin; J. Hoi; S C H. Xiao; X. Zhang; B,AR-miner: Mining Informative Reviews for Developers from Mobile App Marketplace,2014,ICSE,LDA; ASUM,Bug handling,Localization [concerns],End user communication,Text with a user review,,,22,0.01,0.6,wG = {0.85; 0; 0.15}; wI = {0.2; 0.2; 0.2; 0.2; 0.2},,,,,,,,1,1,,1,1,,,1,,,1,,,,,1,,1,,,,,Approach; Comparison,
Henß; S. Monperrus; M. Mezini; M,Semi-automatically extracting FAQs to improve accessibility of software development knowledge,2012,ICSE,LDA (GS),Documentation,Documentation [extraction/augmenting],Developer communication,Text with a conversation thread,,,,50/k,0.01,,,,,,,,,,,,,,1,,,,,,,,,,,,1,,,,,Approach,
Chatterjee; P. Damevski; K. Pollock; L.  Augustine; V. Kraft; N A,Exploratory Study of Slack Q&A Chats as a Mining Source for Software Engineering Tools,2019,MSR,LDA,Exploratory study,Exploring information needs in developer communication,Developer communication,Text with a Q&A post; Text with a Slack conversation thread,,Mention on study design - evaluation of technique,20,,,,,,,,,,,,,,,,,,,,,1,1,1,,,,,,1,,,,Exploration,
Bajaj; K. Pattabiraman; K. Mesbah; A,Mining Questions Asked by Web Developers,2014,MSR,LDA,Exploratory study,Exploring information needs in developer communication,Developer communication,Text with several Q&A posts,,,,,,,,,,,,,,,,,1,,,,,,,,,,,,,,1,,,Manual,Authors' deduction based on word clusters,Exploration,
Layman; L. Nikora; A P.  Meek; J. Menzies; T,Topic Modeling of NASA Space System Problem Reports: Research in Practice,2016,MSR,LDA,Exploratory study,Exploring lessons learned in historical data,Issue/bug report,Text with a problem (bug) report,All missions had an average of 404 words per document,Mention on study design - dataset description,{20; 30; 40; ...; 100; 125; 150; ...; 225},50/k,0.01,,,,,,,,,1,,,1,,,,,,1,,,,,,,1,1,,1,Manual,Authors' deduction based on word clusters,Exploration,
Hu; W. Wong; K,Using citation influence to predict software defects,2013,MSR,CITM,Bug handling,Prediction [defects],Source code and Commit messages,(1) Text with several comments from source code of a certain release; (2) Text with several comments from commits of a certain release,,,20,,,,,,,,,,,,,,,,,,,,,,,,,,,,,,,,,Approach,
Naguib; H. Narayan; N. Brugge; B. Helal; D,Bug report assignee recommendation using activity profiles,2013,MSR,LDA (GS); Support Vector Machines (SVM) [classification algorithm],Bug handling,Bug-fix assignment,Issue/bug report,Text with a bug report (title; description and system component information),,,10,50/k,0.01,,,,,,,1,,,1,,,,,,,,,,,,1,,,,1,,1,,,Approach; Comparison,
Moslehi; P. Adams; B. Rilling; J,Feature Location Using Crowd-Based Screencasts,2018,MSR,LDA (GS),Documentation,Localization [features],Transcript text from speech,Text with a GUI and/or speech information,,Mention on limitations of study,80,50/k,0.01,,,,,,,,,,,,1,,,,,,,,,,,,1,1,1,,1,,,Approach,
Moslehi; P. Adams; B. Rilling; J,On Mining Crowd-Based Speech Documentation,2016,MSR,LDA (GS),Documentation,Documentation [extraction/augmenting],Transcript text from speech,Text with a screencast transcript,Screencast length: 1 to 10 minutes,Mention on results of study,20,50/k,0.01,,,,,,,,,,,,,,,,,,,,,,,,,,,,,,,Approach,
Martin; W. Harman; M. Jia; Y. Sarro; F. Zhang; Y,The App Sampling Problem for App Store Mining,2015,MSR,LDA (GS),Bug handling,Localization [concerns],End user communication,Text with a user review or an app description,,,100,50/k,0.01,,,,,,,1,,1,,,,,,,,,,,,,,,,,1,,,Manual,Predetermined labels,Exploration,
Bajracharya; S K. Lopes; C V,Mining search topics from a code search engine usage log,2009,MSR,LDA,Exploratory study,Exploring information needs in developer communication,Search query,Text with a collection of queries made by a user,,,50,0.5,0.1,,,,,,,,,,1,,,,,,,,,,,,,,1,,,,,Manual,Authors' deduction based on word clusters,Exploration,
Nguyen; A T. Nguyen; T T. Nguyen; T N. Lo; D. and Sun. C,Duplicate Bug Report Detection with a Combination of Information Retrieval and Topic Modeling,2012,ASE,LDA,Bug handling,Detection of duplicates [bugs],Issue/bug report,Text with a bug report; which has a description and summary,,Mention on study design - technique description,{100-320},50/k,0.01,,,,,,,,,,,,1,,,,,,,1,,,,,,,1,,,,,Approach,Information extraction technique
Nguyen; A T. Nguyen; T T. Al-Kofahi; J. Nguyen; H V. Nguyen; T N,A Topic-based Approach for Narrowing the Search Space of Buggy Files from a Bug Report,2011,ASE,BugScout,Bug handling,Localization [concerns],Source code,Text with  a source code file (comments; names and identifiers),,,300,0.01,0.01,,,,,,,,,,,,1,,,,,,,,1,,,,,,1,,,,,Approach,
Bagherzadeh; M. Khatchadourian; R,Going Big: A Large-scale Study on What Big Data Developers Ask,2019,ESEC FSE,LDA (GS),Exploratory study,Exploring information needs in developer communication,Developer communication,Text with a Q&A post about big data,,,30,50/k,0.01,i = 1000,,,,,,,,,,,1,,,,,,,,,1,1,,1,1,1,,1,Manual,Authors' deduction based on word clusters,Exploration,
Murali; V. Chaudhuri; S. Jermaine; C,Bayesian Specification Learning for Finding API Usage Errors,2017,ESEC FSE,LDA (GS),Bug handling,Detection of duplicates [bugs],End user documentation,Text with an app description (set of features),,,15,0.1,,eta = 1/|Σ|,,,,,,,,,,,,,,,,,,,,,,,,,,,,,,Approach; Comparison,Probabilistic Behavior Model; Artificial Neural Networks
Ahmed; S. Bagherzadeh; M,What Do Concurrency Developers Ask About?: A Large-scale Study Using Stack Overflow,2018,ESEM,LDA (GS),Exploratory study,Exploring information needs in developer communication,Developer communication,Text with a Q&A post tagged as concurrent,,,30,50/k,0.01,i = 1000,,,,,,,,,,,1,,,,,,,,,1,1,,1,1,1,1,1,Manual,Authors' deduction based on word clusters,Exploration,
Xia; X. Lo; D. Ding; Y. Al-Kofahi; J M. Nguyen; T N. Wang; X,Improving Automated Bug Triaging with Specialized Topic Model,2017,TSE,MTM,Bug handling,Triaging/characterization [bugs],Issue/bug report,Text with a bug report (bug ID; bug fixer; summary text; description text; product and component),,Mention on study design - technique description,k to be 1-15 percent of the number of distinct terms in a training dataset,50/k,0.01,i = 500,,,,,,,,,1,,1,,,,,,,1,,,,,,,1,,,,,Approach; Comparison,
Bavota; G. Oliveto; R. Gethers; M. Poshyvanyk; D. De Lucia; A,Methodbook: Recommending move method refactorings via relational topic models,2014,TSE,RTM,Refactoring,Refactoring,Source code,Text with several comments posted on source code; Text with several methods of a software,,Mention on study design - evaluation of technique,75,0.1,1,eta = 1,,,,,,,,,,,,,,,,,,,,,,,,,,,,,,Approach,
Damevski; K. Chen; H. Shepherd; D C. Kraft; N A. Pollock; L,Predicting Future Developer Behavior in the IDE Using Topic Models,2018,TSE,LDA,Coding,Prediction [developer behavior],Log information,Text with several (25) interaction events (e.g.; most clicks) and commands executed over a contiguous time interval,,,50,,,,,,,,,,,,,,,,,,,,,,,,,,,,,,,,,Approach,
B. Dit; M. Revelle; and D. Poshyvanyk,Integrating information retrieval execution and link analysis algorithms to improve feature location in software,2013,EMSE,LSI,Documentation,Localization [features],Source code and Search query,Text with several methods of a software; Text with several search queries used in software repository,,,,,,,,,,,,,,,,1,1,,,,,,,,,,,1,,,,,,,,Approach,
Hindle; A. Ernst; N A. Godfrey; M W. Mylopoulos; J,Automated topic naming: supporting cross-project analysis of software maintenance activities,2013,EMSE,LDA,Documentation,Documentation [artifacts labelling],Commit messages,Text with commit comments posted in a 30-day period,,,,,,,,,,,,,,1,,,,,,,,,,,,,,,,1,,,,Mixed,Predetermined labels,Approach,Classification (multi-label)
Xia; X. Bao; L. Lo; D. Kochhar; P S. Hassan; A E. Xing; Z,What do developers search for on the web?,2017,EMSE,LDA,Exploratory study,Exploring information needs in developer communication,Search query,"Text with a search query (i.e.; ""how to use git"")",,,50,,,,,,,,,,,,,,,,,,,,,,,,,,,,,,,,,Exploration,
Pagano; D. Maalej; W,How do open source communities blog?,2013,EMSE,LDA,Exploratory study,Exploring information needs in developer communication,Developer communication,Text with a blog post,"Average of 273 words. ""Over 95% of all posts are shorter than 1;000 words; which corresponds to four printed pages""",Mention on study design - dataset description,50,,,,,,,,,,,,,,,,,,,,,,,,,,,,,,,Manual,Authors' deduction based on word clusters,Exploration,Sequential pattern mining
Canfora; G. Cerulo; L. Cimitile; M. Di Penta; M,How changes affect software entropy: an empirical study,2014,EMSE,LDA,Refactoring,Refactoring,Commit messages,Text with a commit comment,Median of 9 to 20 words considering all projects,Mention on results of study,10,,,,,,,,,,,,,,1,,,,,,,,,,,1,1,,1,,,,,Exploration,
Noei; E. Zhang; F. Wang; S. Zou; Y,Towards prioritizing user-related issue reports of mobile applications,2019,EMSE,LDA,Bug handling,Prioritization [bugs],End user communication,Text with a user review,,Mention on study design - evaluation of technique,,,,,1,1,,1,,,1,,,,1,,,,,1,,,,,,,,,1,,,Manual,Authors' deduction based on word clusters,Approach,
Ahasanuzzaman; M. Asaduzzaman; M. Roy; C K. Schneider; K A,CAPS: a supervised technique for classifying Stack Overflow posts concerning API issues,2019,EMSE,LDA (GS),Bug handling,Localization [concerns],Developer communication,Text with a Q&A post related to an issue,,,40,50/k,0.01,,,,,,,,,,,,1,,,,,,,,,,,,,,1,,,,,Approach,Structured prediction
Hu; H. Wang; S. Bezemer; C. Hassan; A E,Studying the consistency of star ratings and reviews of popular free hybrid Android and iOS apps,2019,EMSE,Twitter-LDA,Maintenance,Maintenance [versions consistency],End user communication,Text with a user review,Average of characteres for user review: iOS 155;  Android 65,Mention on results of study,10,,,i = 1000,,,,,,,,1,,,1,,,,,,,,,,,,,1,1,,,,,Exploration,
Hindle; A. Bird; C. Zimmermann; T. Nagappan; N,Do topics make sense to managers and developers?,2015,EMSE,LDA,Bug handling,Localization [concerns],End user documentation,Text with a requirement document,"""The average document was 20 pages long with an average word count of 3;800""",Mention on study design - dataset description,20,0.1,0.1,i = 1000,,,,,,,,,,,1,,,,,,,,,,,,,,1,,,Manual,Authors' deduction based on word clusters,Exploration,
Choetkiertikul; M. Dam; H K. Tran; T. Ghose; A,Predicting the delay of issues with due dates in software projects,2017,EMSE,LDA,Bug handling,Prediction [defects],Issue/bug report,Text with an issue description,,,10,,,,,,,,,,,,,,,,,,,,,,,,,,,,,,,,,Approach,
Ye; D. Xing; Z. Kapre; N,The structure and dynamics of knowledge network in domain-specific Q&A sites: a case study of stack overflow,2017,EMSE,LDA,Exploratory study,Exploring information needs in developer communication,Developer communication,Text with a Q&A post (or knowledge unit),,,10,,,i = 1000,,,,,,,,,,,,,,,,,,,,1,1,,,,1,,,,,Exploration,
Bajracharya; S K. Lopes; C V,Analyzing and mining a code search engine usage log,2012,EMSE,LDA,Exploratory study,Exploring information needs in developer communication,Search query,Text with several queries made by a user,,,50,0.5,0.1,,,,,,,,,1,,1,,,,,,,,,,1,,,1,,,,,Manual,Predetermined labels,Exploration,
Li; H. Chen; T H (P). Shang; W. Hassan; A E,Studying software logging using topic models,2018,EMSE,LDA (GS),Maintenance,Maintenance [system usage/behavior],Source code,Text with a method,,,50,50/k,0.01,i = 10000,,,,,,,1,,1,,1,,,,,,,,,,,1,,,1,,,Manual,Most frequent words in word clusters,Exploration,
Thomas; S W. Hemmati; H. Hassan; A E. Blostein; D,Static test case prioritization using topic models,2014,EMSE,LDA (GS),Testing,Prioritization [test cases],Source code,Text with a test case,,,(1) 42; (2) 39; (3) 42; (4) 48; (5) 21,0.1,0.1,i = 200,,,,,,,,,,1,1,,,,,,,,,,,1,1,,1,,1,,,Approach; Comparison,
Le; T B. Thung; F. Lo; D,Will this localization tool be effective for this bug? Mitigating the impact of unreliability of information retrieval based bug localization tools,2017,EMSE,LDA,Bug handling,Prioritization [bugs],Issue/bug report,Text with a bug report (description and summary),,,{5; 10; 15},,,,,,,,,,,,,1,1,,,,,,,,,,,,1,1,1,,,,,Approach,Classification; Artificial Neural Networks
McIlroy; S. Ali; N. Khalid; H. Hassan; A E,Analyzing and automatically labelling the types of user issues that are raised in mobile app reviews,2016,EMSE,LLDA,Bug handling,Localization [concerns],End user communication,Text with a user review (title and comment),"Not mentioned. ""Average of characteres for user review: iOS 155;  Android 65"" - from H34",,30,0.1,0.1,i = 1500,,1,1,,,,,,,,1,,,,,,,1,,,,,1,,,,1,Automated,Predetermined labels,Approach,
Barua; A. Thomas; S W. Hassan; A E,What are developers talking about? An analysis of topics and trends in Stack Overflow,2014,EMSE,LDA (GS),Exploratory study,Exploring information needs in developer communication,Developer communication,Text with a Q&A post,"""Posts length vary between 1 and 3;844 words. The majority of the posts (99.7%) are less than 500 words""",Mention on study design - dataset description,40,50/k,0.01,i = 500,,,,,,,,,,,1,,,,,,,,,1,1,1,,,1,,,Manual,Authors' deduction based on word clusters,Exploration,
Nayebi; M. Cho; H. Ruhe; G,App store mining is not enough for app improvement,2018,EMSE,LDA (GS),Bug handling,Localization [concerns],End user communication,Text with a user review,"""Google play: The average length of reviews in our dataset is 97 words with the median being 92 words. Twitter: The average length of tweets in our dataset is 28 words with the median being 34 words""",Mention on study design - dataset description,{85; 170},,,gamma = 0.6,,,,,,1,,,,,,,,,,1,,,,,,,,,1,,,,,Exploration,
Rosen; C. Shihab; E,What are mobile developers asking about? A large scale study using stack overflow,2016,EMSE,LDA (GS),Exploratory study,Exploring information needs in developer communication,Developer communication,Text with a Q&A title,,,40,50/k,0.01,i = 10; 20; 900,,,,,,,,,,,,,,,,,,,,,,,,,,,,Manual,Authors' deduction based on word clusters,Exploration,
Zhang; Y. Lo; D. Xia; X. Scanniello; G. Le; T B. Sun; J,Fusing multi-abstraction vector space models for concern localization,2018,EMSE,LDA-GA,Bug handling,Localization [concerns],Source code,Text with a method,,,100,50/k,0.01,i = 1000,,,,,,,,,,1,1,,,,,,,,,1,,1,1,1,1,,,,,Approach,Information extraction technique
Bavota; G. Gethers; M. Oliveto; R. Poshyvanyk; D. De Lucia; A,Improving Software Modularization via Automated Analysis of Latent Topics and Dependencies,2014,TOSEM,RTM,Refactoring,Refactoring,Source code,Text with a class,,,75,0.1,1,eta = 1,,,,,,,,,,,,,,,,,,,,,,,,,,,,,,Approach,
Jiang; H. Zhang; J. Li; X. Ren; Z. Lo; D. Wu; X. Luo; Z,Recommending New Features from Mobile App Descriptions,2019,TOSEM,LDA,Requirements,Recommendation [new features],End user documentation,Text with an app description,,,60,0.1,0.1,,,,,,,,,,1,1,1,,,,,,,,,,,,,,1,,,,,Approach; Comparison,Clustering
Belle; A B. Boussaidi; G E. Kpodjedo; S,Combining lexical and structural information to reconstruct software layers,2016,IST,LDA (GS),Architecting,Architecture recovery,Source code,Text with a package of keywords,,,{10-50 by 5},50/k,0.01,i = 1000,,,,,,,,1,,1,1,,,,,,,,,,,1,,,,,,,,Approach,
Zou; J. Xu; L. Yang; M. Zhang; X. Yang; D,Towards comprehending the non-functional requirements through Developers’ eyes: An exploration of Stack Overflow using topic analysis,2017,IST,LDA (GS),Exploratory study,Exploring information needs in developer communication,Developer communication,Text with a Q&A post (title and body),,,20,2.5,0.01,i = 1000,,,,,,,,1,1,,,,,,,,,,,,,,,,1,,,Manual,Predetermined labels,Exploration,
Sun; X. Li; B. Leung; H. Li; B. Li; Y,MSR4SM: Using topic models to effectively mining software repositories for software maintenance tasks,2015,IST,LDA-GA,Maintenance,Maintenance [tasks],Source code and Developer communication,Text with a bug report; Text with an e-mail,,,(1) 102; (2) 324; (3) 55; (4) 496,,,,,,,,,,,,,,,,,,,1,,,,,,1,,1,1,,1,,,Approach,
Pettinato; M. Gil; J P. Galeas; P. Russo; B,Log mining to re-construct system behavior: An exploratory study on a large telescope system,2019,IST,LDA,Maintenance,Maintenance [system usage/behavior],Log information,Text with several abstract messages that correspond to an SB (Scheduling Blocks),95 messages (test data set) and 221 messages (validation data set) average,Mention on study design - dataset description,9,50/k,0.1,,,,,,,,,1,,,1,,,,,,1,,,,,,,1,1,,1,Manual,Authors' deduction based on word clusters,Approach,
Yang; X. Lo; D. Li; L. Xia; X. Bissyandé; T F. Klein; J,Characterizing malicious Android apps by mining topic-specific data flow signatures,2017,IST,LDA-GA,Architecting,Detection of malicious behavior,End user documentation,Text with an app description,,,118,,,,,,,,,,,,1,,1,,,,,,,,,,,,1,1,1,,1,Manual,Authors' deduction based on word clusters,Approach,
Abdellatif; T M. Capretz; L F. Ho; D,Automatic recall of software lessons learned for software project managers,2019,IST,LDA (GS); VSM; LSI,Maintenance,Maintenance [lessons learned],Issue/bug report and Lessons learned,Text with an issue description and its related lessons learned descriptions,,Mention on study design - dataset description,{32; 64; 128; 256},,,,,,,,,,,,,,1,,,,,,,,,,,,,,1,,,,,Comparison; Exploration,Information extraction technique
Lukins; S K. Kraft; N A. Etzkorn; L H,Bug localization using latent Dirichlet allocation,2010,IST,LDA (GS),Bug handling,Localization [bugs],Source code,Text with a method,,,{50; 100; 200; 250; 500},50/k,0.01,,,,,,,,,,,,1,,,,,,,,,,,,,,,,,,,Exploration,
Souza; L B L. Campos; E C. Madeiral; F. Paixão; K. Rocha; A M. Maia; M A,Bootstrapping cookbooks for APIs from crowd knowledge on Stack Overflow,2019,IST,LDA (GS),Documentation,Documentation [extraction/augmenting],Developer communication,Text with a Q&A post,,,15,,,,,,,,,,,,,,1,,,,,,,,,1,1,1,,,1,,,,,Approach,
Cao; B. Liu; X (F). Liu; J. Tang; M,Domain-aware Mashup service clustering based on LDA topic model from multiple data sources,2017,IST,DAT-LDA (GS),Architecting,Architecture [mashup-service selection],Developer documentation,Text with a mashup service info,,,{2-39},0.01,0.01,i = 2000,,,,,,,,,,,1,,,,,,,,,,,,,,1,,,,,Approach; Comparison,Clustering
Tantithamthavorn; C. Abebe; S L. Hassan; A E. Ihara; A. Matsumoto; K,The impact of IR-based classifier configuration on the performance and the effort of method-level bug localization,2018,IST,LDA (GS); VSM; LSI,Bug handling,Localization [bugs],Issue/bug report; Commit messages and Source code,Text with a bug report (description of a bug and affected entities); Text with several methods of a software,Bug report - 127 words (Eclipse) and 146 words (Mozilla) average; Method - 14 words (Eclipse) and 35 words (Mozilla) average ,Mention on study design - dataset description,{32; 64; 128; 256},,,,,,,,,,,,,1,1,,,,,,,,,,,,,,1,,,,,Comparison; Exploration,Information extraction technique
Yan; M. Zhang; X. Yang; D. Xu; L. Kymer; J D,A component recommender for bug reports using Discriminative Probability Latent Semantic Analysis,2016,IST,DPLSA-JS,Bug handling,Triaging/characterization [bugs],Issue/bug report,Text with a bug report,,Mention on results of study,{10-120 by 10},50/k,0.1,,,,,,1,,,,,1,1,,,,,1,,,,,,,,,1,,,Automated,Predetermined labels,Approach; Comparison,
Ying Fu; Meng Yan; Xiaohong Zhang; Ling Xu; Dan Yang; Jeffrey D. Kymer,Automated classification of software change messages by semi-supervised Latent Dirichlet Allocation,2015,IST,Semi-supervised LDA,Bug handling,Localization [concerns],Commit messages,Text with a change message,,,3,50/k,0.01,,,,,,1,,,,,1,1,,,,,1,,,,,,,,,1,,,Automated,Predetermined labels,Approach,
Liu; Y. Liu; L. Liu; H. Wang; X. Yang; H,Mining domain knowledge from app descriptions,2017,JSS,O-LDA,Documentation,Localization [features],End user documentation,Text with an app description,,,,,,,,,,,1,,,,,,,,,,,1,,,,,,,,,,,,,,Approach,Classification; Clustering
Zhang; T. Chen; J. Yang; G. Lee; B. Luo; X,Towards more accurate severity prediction and fixer recommendation of software bugs,2016,JSS,LDA,Bug handling,Prediction [defects] & Bug-fix assignment,Issue/bug report,Text with a bug report,,,30,0.01,0.01,i = 1500,,,,,,,,,1,1,1,,,,,,,,,,,,,,1,,,,,Approach; Comparison,Clustering
Catolino; G. Palomba; F. Zaidman; A. Ferrucci; F,Not all bugs are the same: Understanding characterizing and classifying bug types,2019,JSS,LDA-GA,Bug handling,Triaging/characterization [bugs],Issue/bug report,Text with a bug report,,,,,,,,1,1,,,,,1,,1,1,,,,,,,,,,,1,1,,1,,,,,Approach,
Sun; X. Yang; H. Xia; X. Li; B,Enhancing developer recommendation with supplementary information via mining historical commits,2017,JSS,CTM,Bug handling,Bug-fix assignment,Source code and Commit messages,Text with a source code information (classes and methods) and text with several commit messages of a developer,,,,,,,,,,1,,,,,,1,1,,,,,,,,,,,,,,1,,,,,Approach,
Chen; H. Coogle; J. Damevski; K,Modeling stack overflow tags and topics as a hierarchy of concepts,2019,JSS,LLDA; L2H,Exploratory study,Exploring information needs in developer communication,Developer communication,Text with a Q&A question,50 to 400 words,Mention on study design - evaluation of technique,3,10,1000,γ1 = 0.9; γ2 = 0.1,,,,,,,1,,,,,,,,,,,1,1,,,,,,1,,,Automated,Predetermined labels,Exploration,
Taba; S E S. Keivanloo; I. Zou; Y. Wang; S,An exploratory study on the usage of common interface elements in android applications,2017,JSS,LDA (GS),Coding,Reuse [user interface templates],Source code,Text with several strings and labels from a UI XML layout file,,,9,50/k,0.01,i = 1000,,,,,,,,,,,,,,,,,,,,,,,,,,,,Manual,Predetermined labels,Exploration,
Chen; T. Shang; W. Nagappan; M. Hassan; A E. Thomas; S W,Topic-based software defect explanation,2017,JSS,LDA (GS),Bug handling,Triaging/characterization [bugs],Source code,Text with a source code (classes and methods) file of a software version,,,500,50/k,0.01,gamma = 0.01; i = 10000,,,,,,,,,,1,1,,,,,,,,,,,,,,1,,,,,Exploration,
Silva; L L. Valente; M T. Maia; M A,Co-change patterns: A large scale empirical study,2019,JSS,LDA (GS),Maintenance,Maintenance [system modularity],Log information,Text with a log message,,,30,50/k,0.01,,,,,,,,,1,1,,,,,,,,,,,,,,,1,1,,,,,Exploration,
Nabli; H. Djemaa; R B. Amor; I A B,Efficient cloud service discovery approach based on LDA topic modeling,2018,JSS,LDA,Architecting,Architecture [cloud service selection],URL content,Text with a URL address,,,20,0.01,0.01,,,,,,,,,1,,,1,,,,,,,,,,,,1,1,1,,,,,Approach,Web crawling
Altarawy; D. Shahin; H. Mohammed; A. Meng; N,Lascad: Language-agnostic software categorization and similar application detection,2018,JSS,LDA,Coding,Detection of similar funcionalities,Source code,Text with several methods identifiers; Text with several comments of a source code file,,,50,,,cat _ num = 20,,,,,,,,,,1,,,,,,,,1,1,,,1,,,1,,,,,Approach,Clustering (hierarchical)
Yan; M. Fu; Y. Zhang; X. Yang; D. Xu; L. Kymer; J D,Automatically classifying software changes via discriminative topic model: Supporting multi-category and cross-project,2016,JSS,DPLSA,Maintenance,Maintenance [software changes],Commit messages,Text with a change message,,,3,50/k,0.01,i = 100,,,,,1,,,,,1,1,,,,,,,,,,,,,,1,,,Automated,Predetermined labels,Approach,
Poshyvanyk; D. Gethers; M.. Marcus; A,Concept location using formal concept analysis and information retrieval,2013,TOSEM,LSI,Documentation,Localization [features],Source code,Text with a class or method,,,{10; 15; 20; 25},0.05,,number of documents = {80; 90; 100},,,,,,,,,,1,1,,,,,,,,,,,1,,,1,,,,,Approach; Comparison,
Moslehi; P. Adams; B. Rilling; J,A feature location approach for mapping application features extracted from crowd-based screencasts to source code,2020,EMSE,LDA (GS),Documentation,Documentation [extraction/augmenting],Transcript text from speech and Source code,Text with several source code path files; Text with a screencast transcript,Screencast length: 1 to 10 minutes,Mention on results of study,{55; 80; 130},50/k,0.01,,,,,,,,,1,,1,1,,,,,,,,,,,,1,1,1,,1,,,Approach,
Demissie; B F. Ceccato; M. Shar; L K,Security analysis of permission re-delegation vulnerabilities in Android apps,2020,EMSE,LDA (GS),Architecting,Detection of vulnerabilities,End user documentation,Text with several app descriptions,,Mention on limitations of study,30,50/k,0.01,,,,,,,,,,,,,,,,,1,,,,,,,,,,,,,,Approach; Comparison,Clustering; Classification
Han; J. Shihab; E. Wan; Z. Deng; S. Xia; X,What do Programmers Discuss about Deep Learning Frameworks,2020,EMSE,LDA,Exploratory study,Exploring information needs in developer communication,Developer communication and Commit messages,Text with several pull requests and Text with several Q&A posts,,,20,0.05,0.05,,,,,,,1,,,,,,,,,,,,,,1,1,,1,1,1,1,1,Manual,Authors' deduction based on word clusters,Exploration,
Blasco; D. Cetina; C. Pastor; O,A fine-grained requirement traceability evolutionary algorithm: Kromaia a commercial video game case study,2020,IST,LSI,Requirements,Localization [concerns],Source code,Text with several methods,,,,,,,,,,,,1,,,1,1,,,,,,,,,,,,1,,,1,,,,,Approach; Comparison,Evolutionary algorithm
Capiluppi; A. Ruscio; D D. Rocco; J D. Nguyen; P T. Ajienka; N,Detecting Java software similarities by using different clustering techniques,2020,IST,LDA,Maintenance,Maintenance [system usage/behavior],Source code,Text with several methods,,,,,,,,,,,,1,,,,1,1,,,,,,,,1,,,1,,,1,,,,,Exploration,
Cui; D. Liu; T. Cai; Y. Zheng; Q. Feng; Q. Jin; W. Guo; J. Qu; Y,Investigating The Impact Of Multiple Dependency Structures On Software Defects,2019,ICSE,RTM,Architecting,Detection of dependencies,Source code; Commit messages and Issue/bug report,Text with several identifiers; Text with several commit messages,,,75,0.1,1,eta =  1.0,,,,,,,,,,,,,,,,,,,,,,,,,,,,,,Exploration,
Chen; L. Hassan; F. Wang; X. Zhang; L,Taming Behavioral Backward Incompatibilities Via Cross-Project Testing And Analysis,2020,ICSE,LDA (GS),Coding,Detection of behavioral backward incompatibilities,Source code,Text with several classes from a project,,Mention on study design - technique description,10,5.5,0.01,i = 10;000,,,,,,,,,,1,1,,,,,,,,,,,1,,,1,,,,,Approach,Information extraction technique
Zhao; N. Chen; J. Wang; Z. Peng; X. Wang; G. Wu; Y. Zhou; F. Feng; Z. Nie; X. Zhang; W. Sui; K. Pei; D,Real-time incident prediction for online service systems,2020,ESEC FSE,LDA,Bug handling,Prediction [defects],Log information,Text with several alert content from log messages,,,,,,,,,,,,,,,1,,,,,,,,,,,,,,,,1,,,,,Approach,Classification
Martin; W. Sarro; F. Harman; M,Causal impact analysis for app releases in google play,2016,ESEC FSE,LDA (GS),Maintenance,Maintenance [impact of new releases],End user documentation,Text with a release description,,Mention on study design - dataset description,100,50/k,0.1,i = 2;000,,,,,,1,,1,,,,,,,,,,,,,,,,1,1,,,,,Approach,
Zhao; Y. Zhang; F. Shihab; E. Zou; Y. Hassan; A E,How Are Discussions Associated with Bug Reworking? An Empirical Study on Open Source Projects,2016,ESEM,LDA,Bug handling,Bug re-patching,Issue/bug report,Text with several comments in a bug report,,,50,0.1,0.1,i = 1000,,,,,,,,1,,,1,,,,,,,,,,,,,1,1,,1,Manual,Authors' deduction based on word clusters,Exploration,
Zaman; S. Adams; B. Hassan; A E,Security versus performance bugs: a case study on Firefox,2011,MSR,LDA,Bug handling,Triaging/characterization [bugs],Issue/bug report,Text with several comments in a bug report,,,,,,,,,,,,,,,,,,,,,,,,,,,,,,,,,,,,Exploration,
Ray; B. Posnett; D. Filkov; V. Devanbu; P,A large scale study of programming languages and code quality in github,2014,ESEC FSE,LDA,Coding,Exploring features affecting software quality,End user documentation,Text with several feature descriptions,,,30,,,,,,,,,,,,,,,,,,,,,,,,,,,,,,,Manual,Authors' deduction based on word clusters,Exploration,
Shimagaki; J. Kamei; Y. Ubayashi; N. Hindle; A,Automatic topic classification of test cases using text mining at an Android smartphone vendor,2018,ESEM,LDA,Testing,Test case assingment,End user documentation,Text with a feature description,,,{20; 50; 100; 200},{0.1; 1.0; 10.0},,,,,,,,,,,,1,,,,,,,,1,1,,,,,,,,1,,,Approach,Classification
Gopalakrishnan; R. Sharma; P. Mirakhorli; M. Galster; M,Can Latent Topics In Source Code Predict Missing Architectural Tactics?,2017,ICSE,LDA,Architecting,Architecture recovery,Developer documentation,Text with a tactical description and its related contextual information,,,{50; 100; 150; 200},,,,,,,,,,,,,,1,,,,,,,,,,,,,,1,,,,,Approach,Classification
Abdellatif; A. Costa; D. Badran; K. Abdalkareem; R. Shihab; E,Challenges in Chatbot Development: A Study of Stack Overflow Posts,2020,MSR,LDA (GS),Exploratory study,Exploring information needs in developer communication,Developer communication,Text with a Q&A question,,,12 {10-14 tested},50/k,0.01,,,,,,,1,1,,,,,,,,,,,,,,,,,,1,,,Manual,Authors' deduction based on word clusters,Exploration,
Haque; M U. Iwaya; L H. Babar; M A,Challenges in Docker Development: A Large-scale Study Using Stack Overflow,2020,ESEM,LDA (GS),Exploratory study,Exploring information needs in developer communication,Developer communication,Text with a Q&A question and their accepted answers,,,30,50/k,0.01,i = 1000,,,,,,,1,,,,1,,,,,,,,,,,,,,1,,,Manual,Authors' deduction based on word clusters,Exploration,
Gorla; A. Tavecchia; I. Gross; F. Zeller; A,Checking App Behavior Against App Descriptions,2014,ICSE,LDA (GS),Architecting,Detection of malicious behavior,End user documentation,Text with an app description,,,30,50/k,0.01,,,,,,,,,,,,1,,,1,,1,,,,,1,,1,1,1,1,1,Manual,Authors' deduction based on word clusters,Approach,Clustering
Tiarks; R. Maalej; W,How does a typical tutorial for mobile development look like?,2014,MSR,LDA,Exploratory study,Exploring tutorials' structure,End user documentation,Text with several tutorials of an app,3231 words average,Mention on study design - dataset description,240 {50 for Android and Apple apps; 20 for Windows apps},,,,,,,,,,,,,,1,,,,,,,,,,1,,,,1,,,Manual,Authors' deduction based on word clusters,Exploration,
Zarif; O E. Costa; D A da. Hassan; S. Zou; Y,On the Relationship between User Churn and Software Issues,2020,MSR,LDA (GS),Exploratory study,Exploring user satisfaction,End user communication,Text with several user reviews,,,,,,,,1,,,,1,1,,,,1,,,,,,,,,,,,,,1,,,Manual,Authors' deduction based on word clusters,Exploration,
Gao; C. Zeng; J. Lyu; M R. King; I,Online App Review Analysis For Identifying Emerging Issues,2018,ICSE,AOLDA,Bug handling,Prediction [defects],End user communication,Text with several user reviews,,Mention on study design - technique description,10,0.1,0.01,w =3; λ =0.5; PMI = 5; μ =0.75,,1,,,,1,,1,,,1,,,,,1,,,1,,,,,,1,,,Automated,Predetermined labels,Approach,
Palomba; F. Salza; P. Ciurumelea; A. Panichella; S. Gall; H. Ferrucci; F. De Lucia; A,Recommending and Localizing Change Requests For Mobile Apps Based On User Reviews,2017,ICSE,HDP,Maintenance,Maintenance [software changes],End user communication,Text with several user reviews,,,,,,,,1,1,,,1,,,1,,1,,,1,,,1,,1,,,,,,1,,,,,Approach,
Wang; W. Malik; H. Godfrey; M W,Recommending posts concerning API issues in developer Q&A sites,2015,MSR,LDA (GS),Documentation,Documentation [extraction/augmenting],Developer communication,Text with a Q&A post,,,40,0.01,0.01,i = 40,,,,,,,,,,,,,,,,,,,,,,,,,,,,,,Approach,
Noei; E. Costa; D A da. Zou; Y,Winning the app production rally,2018,ESEC FSE,LDA (GS),Exploratory study,Exploring user satisfaction,End user communication and End user documentation,Text with an app description (and release notes); Text with a user review,,,165,,,i = 2;000,1,1,,1,1,,,,,,1,,,,,1,,,,,,,,,1,,,,,Exploration,
Ali; N. Sharafi; Z. Gueheneuc; Y-G. Antoniol; G,An empirical study on the importance of source code entities for requirements traceability,2015,EMSE,LSI; LDA (GS),Requirements,Requirements recovery,Source code,Text with several identifiers,,,50,,,,,,,,,,,1,,1,1,,,,,,,,,,,,1,1,1,,1,,,Approach,
Tairas; R. Gray; J,An information retrieval process to aid in the analysis of code clones,2009,EMSE,LSI,Maintenance,Detection of duplicates [code clones],Source code,Text with several classes from a directory,All directories: 4;153 words (1;506; 1;035; 597; 670; 908),Mention on study design - dataset description,,,,,,,,,,,,,,,,,,,,,,,,,,,,,,,,,,Exploration,
Mezouar; M E. Zhang; F. Zou; Y,Are tweets useful in the bug fixing process? An empirical study on Firefox and Chrome,2018,EMSE,LDA,Bug handling,Localization [concerns],Issue/bug report,Text with an issue description,,,200,,,,,,,,,,,,,,1,,,,,1,,,,,,,,,1,,,Manual,Authors' deduction based on word clusters,Approach,
De Lucia; A. Di Penta; M. Oliveto; R. Panichella; A Panichella; Sebastiano,Labeling source code with information retrieval methods: An empirical study,2014,EMSE,LDA (GS); VSM; LSI,Documentation,Documentation [artifacts labelling],Source code,Text with a class and its comments; Text with comments of a class,,Mention on results of study,{number of methods; number of methods/2; 2},0.1,0.1,,,,,,,,,,,1,1,,,,,,,,,,,1,1,,1,,,,,Comparison; Exploration,Information extraction technique
Thomas; S W. Nagappan; M. Blostein; D. Hassan; A E,The impact of classifier configuration and classifier combination on bug localization,2013,TSE,LDA (GS); VSM; LSI,Bug handling,Localization [bugs],Source code and Issue/bug report,Text with several bug report [titles]; Text with several bug report [descriptions]; Text with several bug report [titles and descriptions]; Text with several identifiers; Text with several comments; Text with several identifiers and related comments,,,{32; 64; 128; 256},50/k,0.01,,,,,,,,,,,1,1,,,,,,,,,,,1,,1,1,,,,,Approach; Comparison,Information extraction technique; Classification
Fowkes; J. Chanthirasegaran; P. Ranca; R. Allamanis; M. Lapata; M. Sutton; C,Autofolding for source code summarization,2016,ICSE,TopicSum,Coding,Code summary,Source code,Text with several classes from a software,,,,,,,,,,,,,,1,1,1,,,,,,,,,,,,1,,,,,,,,Approach; Comparison,Information extraction technique
Binkley; D. Lawrie; D. Uehlinger; C. Heinz; D.,Enabling improved IR-based feature location,2015,JSS,VSM; LSI; VSM-WS; QL-lin; QL-Dir; QL-LDA,Documentation,Localization [features],Source code,Text with a method,,,{200; 100; 1;000; 400; 1;000},{50/k; 1.0},{0.01; 0.1},(QL-Dir; QL-Lin) λ = 0.5; μ = 1000 (QL-LDA) λ = 0.6; |S| = 3; μ = 0.5 OR α = 50/k and β = 0.01 OR α = 1.0 and β = 0.1; i = 1000. k = {200; 100; 1000; 400; 1000},,,,,,,,,,1,1,,,,,,,,,,,1,,,1,,,,,Comparison; Exploration,Information extraction technique
Biggers; L R. Bocovich; C. Capshaw; R. Eddy; B P. Etzkorn; L H. Kraft; N A,Configuring latent Dirichlet allocation based feature location,2014,EMSE,LDA (GS),Documentation,Localization [features],Source code,Text with a method,,,{300; 400; 500},1,{0.5; 0.25; 0.1},,,,,,,,,1,1,1,,,,,,,1,,,,,1,,,1,,,,,Comparison; Exploration ,
Hu; H. Bezemer; C P. Hassan; A E,Studying the consistency of star ratings and the complaints in 1 & 2-star user reviews for top free cross-platform Android and iOS apps,2018,EMSE,Twitter-LDA,Exploratory study,Exploring user satisfaction,End user communication,Text with a user review,,Mention on results of study,10,,,i = 1000,,,,,,,,1,,,1,,,,,,,,,,,,,1,1,,,,,Exploration,
Hindle; A. Alipour; A. Stroulia; E,A contextual approach towards more accurate duplicate bug report detection and ranking,2016,EMSE,LDA; LLDA,Bug handling,Detection of duplicates [bugs],Issue/bug report,Text with an issue report,,Mention on study design - evaluation of technique,20,0.1,0.1,,,,,,,,,,1,,,,,,,,,,,,,,,,1,,,Mixed,Predetermined labels,Approach,
Luo; Q. Moran; K. Poshyvanyk; D,A large-scale empirical comparison of static and dynamic test case prioritization techniques,2016,ESEC FSE,LDA,Testing,Prioritization [test cases],Source code,Text with a test case,,,,,,,,,,,,,,,,1,1,,,,,,,,,,,,,,1,,,,,Comparison; Exploration,Tools for TCP (call-graph-based; string-distance-based; greedy techniques; adaptative random testing; search-based techniques)
Noei; E. Heydarnoori; A,EXAF: A search engine for sample applications of object-oriented framework-provided concepts,2016,IST,LSI,Documentation,Localization [features],Developer communication,Text with several Q&A posts,,,300,,,similarity threshold = 0.7,,,,,,,,,,,,,,,,,,,,,,,,,1,1,,,,Approach,
Pérez; F. Lapeña; R. Font; J. Cetina; C,Fragment retrieval on models for model maintenance: Applying a multi-objective perspective to an industrial case study,2018,IST,LSI,Documentation,Documentation [traceability to source code],Issue/bug report; End user documentation and Developer documentation,Text with several feature descriptions; Text with several requirements; Text with several bug reports,,,300,,,,,,,,,,,,,,1,,,,,,,,,,,,,,,,,,,Approach,Multi-Objective Evolutionary Algorithms
Rosenberg; C M. Moonen; L,Improving problem identification via automated log clustering using dimensionality reduction,2018,ESEM,LSI; Principal Component Analysis (PCA); Non-Negative Matrix Factorization (NMF) [dimensionality reduction techniques],Maintenance,Maintenance [continuous deployment],Log information,Text with several log messages,,,,,,similarity threshold = 0.5,,,,,,,,,,,,,,,,,,,,,,,,,,,,,,Comparison; Exploration,Information extraction technique
Rao; S. Kak; A,Retrieval from software libraries for bug localization: a comparative study of generic and composite text models,2011,MSR,MLE-LDA; LDA; UM; VSM; LSA; CBDM,Bug handling,Localization [bugs],Source code and Issue/bug report,Text with several classes,,,LDA; MLE: 150; CBDM: {100; 250; 500; 1;000},LDA; MLE: {0.000667; 0.006667; 0.033333; 0.333333},LDA; MLE: 0.01,UM: λ = 0.5; CBDM: λ1 = {0.25; 0.15; 0.81; 0.27; 0.495; 0.05}; λ2 = {0.25; 0.35; 0.09; 0.63; 0.495; 0.05}; λ3 = {0.5; 0.5; 0.1; 0.1; 0.01; 0.99},,,,,,,,,,1,,,,,,,,,,,,1,,,,,,,,Comparison; Exploration,Information extraction technique; Clustering
Silva; B. Sant’Anna; C. Rocha; N. Chavez; C,The effect of automatic concern mapping strategies on conceptual cohesion measurement,2016,IST,LDA,Bug handling,Localization [concerns],Source code,Text with several classes,,,Rhino: 40; jEdit: 69,Rhino: 2.5; jEdit: 1.4,0.1,threshold = 0.1,,,,,,,,,,1,1,,,,,,,,,,,,,,1,,,,,Comparison; Exploration,Xscan [tool]: Static dependency analysis and Textual analysis of code similarities.
Liu; Y. Lin; J. Cleland-Huang; J,Traceability Support for Multi-Lingual Software Projects,2020,MSR,"LDA; GVSM (CLG, WEG and WEGtr); LSI",Documentation,Documentation [traceability to source code],Commit messages and Issue/bug report,Text with a commit message; Text with an issue description,,,,,,,,,,,1,,,,1,,,,,,,,,,,,,,,,,,,,,Comparison; Exploration,Deep-learning technique (Generative Vector Space Model); Information extraction technique
Poshyvanyk; D. Marcus; A. Ferenc; R. Gyimothy; T,Using information retrieval based coupling measures for impact analysis,2009,EMSE,LSI,Architecting,Detection of dependencies,Source code and Issue/bug report,Text with a method,,,500,,,,,,,,,,,,,1,,,,,,,,,,,,1,1,,,,1,,,Exploration,
Revelle; M. Gethers; M. Poshyvanyk; D,Using structural and textual information to capture feature coupling in object-oriented software,2011,EMSE,LSI,Architecting,Detection of dependencies,Source code,Text with a method,,,,,,,,,,,,,,,,1,,,,,,,,,,,,1,,,1,,,,,Approach,
